5,"t","Honey Bee Colonies: Released August 1, 2022, by the National Agricultural Statistics Service (NASS), Agricultural Statistics Board, United States Department of Agriculture (USDA)."
5,"t","Colonies, Maximum, Lost, Percent Lost, Added, Renovated, and Percent Renovated with Five or More Colonies – States and United States: January 1, 2021 and January-March 2021"
5,"h","","","","","","","",""
5,"h","","","January-March","January-March","January-March","January-March","January-March","January-March"
5,"h","State","January 1","","","","","",""
5,"h","","colonies","Maximum","Lost","Percent","Added","Renovated","Percent"
5,"h","","","colonies 1/","colonies","lost 2/","colonies","colonies 3/","renovated 4/"
5,"h","","","","","","","",""
5,"u","","(number)","(number)","(number)","(percent)","(number)","(number)","(percent)"
5,"d","Alabama",10000,10000,1100,11,670,200,2
5,"d","Arizona",28000,28000,6500,23,4500,4500,16
5,"d","Arkansas",21000,21000,4900,23,690,130,1
5,"d","California",1180000,1600000,275000,17,189000,84000,5
5,"d","Colorado",3000,16500,700,4,1000,30,"(Z)"
5,"d","Connecticut",4200,4200,800,19,400,50,1
5,"d","Florida",300000,305000,31000,10,47000,17000,6
5,"d","Georgia",120000,120000,20000,17,34000,14500,12
5,"d","Hawaii",19500,19500,800,4,2300,1600,8
5,"d","Idaho",167000,193000,14500,8,11000,9000,5
5,"d","",,,,,,,
5,"d","Illinois",11500,13000,3000,23,2500,200,2
5,"d","Indiana",10000,11000,2600,24,2400,20,"(Z)"
5,"d","Iowa",15000,26000,2100,8,1100,30,"(Z)"
5,"d","Kansas",5000,8000,1400,18,1000,10,"(Z)"
5,"d","Kentucky",11000,11000,2100,19,1000,80,1
5,"d","Louisiana",51000,53000,7000,13,3600,3000,6
5,"d","Maine",2900,2900,300,10,60,80,3
5,"d","Maryland",7000,7000,1800,26,1300,240,3
5,"d","Massachusetts",5000,5000,980,20,30,90,2
5,"d","Michigan",78000,78000,1500,2,320,4100,5
5,"d","",,,,,,,
5,"d","Minnesota",61000,73000,3200,4,1300,140,"(Z)"
5,"d","Mississippi",31000,36000,5500,15,14000,70,"(Z)"
5,"d","Missouri",5500,5500,900,16,110,40,1
5,"d","Montana",40000,51000,330,1,820,20,"(Z)"
5,"d","Nebraska",11000,18000,640,4,930,-,-
5,"d","New Jersey",14000,14000,350,3,900,80,1
5,"d","New Mexico",3500,5500,270,5,170,-,-
5,"d","New York",30000,30000,4900,16,2600,380,1
5,"d","North Carolina",18000,24000,4000,17,1900,110,"(Z)"
5,"d","North Dakota",51000,65000,180,"(Z)",2700,-,-
5,"d","",,,,,,,
5,"d","Ohio",17500,17500,4000,23,120,20,"(Z)"
5,"d","Oklahoma",28000,28000,2600,9,4100,360,1
5,"d","Oregon",76000,80000,3100,4,1600,610,1
5,"d","Pennsylvania",23000,24000,5500,23,1100,40,"(Z)"
5,"d","South Carolina",15500,18000,1200,7,930,190,1
5,"d","South Dakota",28000,34000,450,1,-,-,-
5,"d","Tennessee",12000,13500,2200,16,460,310,2
5,"d","Texas",240000,355000,30000,8,61000,13500,4
5,"d","Utah",17500,19500,2600,13,2700,-,-
5,"d","Vermont",7500,7500,1300,17,700,70,1
5,"d","",,,,,,,
5,"d","Virginia",7500,7500,1400,19,1800,50,1
5,"d","Washington",48000,70000,5500,8,9500,850,1
5,"d","West Virginia",7000,9000,1200,13,200,460,5
5,"d","Wisconsin",42000,44000,2500,6,230,170,"(Z)"
5,"d","Wyoming",13000,14500,2200,15,3000,1200,8
5,"d","",,,,,,,
5,"d","Other States 5/",6640,6640,540,8,750,70,1
5,"d","",,,,,,,
5,"d","United States",2903240,"(X)",464640,16,417490,157600,5
5,"c",""
5,"f","-  Represents zero."
5,"f","(X)  Not applicable."
5,"f","(Z)  Less than half of the unit shown."
5,"f","1/ January 1 colonies plus all colonies moved into that state during the quarter."
5,"f","2/ Percent lost is the number of lost colonies divided by maximum colonies except for the United States, where percent lost is the number of lost colonies divided by the January 1 colonies."
5,"f","3/ Defined as any surviving colony that was requeened or received new honey bees through nuc or package."
5,"f","4/ Percent renovated is the number of renovated colonies divided by maximum colonies except for the United States, where percent renovated is the number of renovated colonies divided by the January 1 colonies."
5,"f","5/ Includes data for States not published in this table."
1,"t","Honey Bee Colonies: Released August 1, 2022, by the National Agricultural Statistics Service (NASS), Agricultural Statistics Board, United States Department of Agriculture (USDA)."
1,"t","Colonies, Maximum, Lost, Percent Lost, Added, Renovated, and Percent Renovated with Five or More Colonies – States and United States: April 1, 2021 and April-June 2021"
1,"h","","","","","","","",""
1,"h","","","April-June","April-June","April-June","April-June","April-June","April-June"
1,"h","State","April 1","","","","","",""
1,"h","","colonies","Maximum","Lost","Percent","Added","Renovated","Percent"
1,"h","","","colonies 1/","colonies","lost 2/","colonies","colonies 3/","renovated 4/"
1,"h","","","","","","","",""
1,"u","","(number)","(number)","(number)","(percent)","(number)","(number)","(percent)"
1,"d","Alabama",9500,9500,2700,28,3400,930,10
1,"d","Arizona",26000,26000,4300,17,12000,3700,14
1,"d","Arkansas",12500,12500,1600,13,9000,5500,44
1,"d","California",1090000,1060000,114000,11,165000,180000,17
1,"d","Colorado",17000,25000,8500,34,6000,1100,4
1,"d","Connecticut",3800,4000,60,2,1100,340,9
1,"d","Florida",280000,300000,33000,11,53000,31000,10
1,"d","Georgia",134000,135000,21000,16,25000,18500,14
1,"d","Hawaii",21000,21000,490,2,490,1200,6
1,"d","Idaho",86000,120000,19500,16,40000,19000,16
1,"d","",,,,,,,
1,"d","Illinois",12500,13000,1100,8,3700,2100,16
1,"d","Indiana",11000,13000,560,4,4000,1000,8
1,"d","Iowa",25000,29000,2200,8,11000,3900,13
1,"d","Kansas",7500,8000,1900,24,4800,1600,20
1,"d","Kentucky",10000,11500,270,2,2100,4500,39
1,"d","Louisiana",29000,29000,2300,8,8000,2000,7
1,"d","Maine",2200,18000,1100,6,430,260,1
1,"d","Maryland",6500,7500,320,4,2600,690,9
1,"d","Massachusetts",3700,12000,810,7,2000,310,3
1,"d","Michigan",74000,112000,3500,3,10000,8000,7
1,"d","",,,,,,,
1,"d","Minnesota",69000,98000,5500,6,29000,4000,4
1,"d","Mississippi",34000,35000,4600,13,9500,8000,23
1,"d","Missouri",4800,4800,670,14,2300,670,14
1,"d","Montana",38000,116000,3200,3,13500,15500,13
1,"d","Nebraska",18500,37000,1800,5,9000,810,2
1,"d","New Jersey",14500,19500,410,2,1400,140,1
1,"d","New Mexico",5500,5500,670,12,560,2300,42
1,"d","New York",28000,50000,3000,6,15000,4100,8
1,"d","North Carolina",22000,23000,1700,7,6000,3300,14
1,"d","North Dakota",42000,495000,6000,1,11500,3600,1
1,"d","",,,,,,,
1,"d","Ohio",13000,13500,820,6,8000,2400,18
1,"d","Oklahoma",17000,17000,3600,21,4200,190,1
1,"d","Oregon",60000,108000,3300,3,25000,19500,18
1,"d","Pennsylvania",20000,23000,2000,9,7000,2700,12
1,"d","South Carolina",18000,19000,1700,9,4200,4900,26
1,"d","South Dakota",16500,210000,7000,3,39000,19000,9
1,"d","Tennessee",12000,12000,720,6,4800,3400,28
1,"d","Texas",365000,425000,74000,17,67000,72000,17
1,"d","Utah",20000,31000,3800,12,9500,3700,12
1,"d","Vermont",7000,7000,40,1,770,570,8
1,"d","",,,,,,,
1,"d","Virginia",8000,8500,530,6,3100,820,10
1,"d","Washington",66000,122000,2900,2,9500,2600,2
1,"d","West Virginia",8000,9000,170,2,1900,390,4
1,"d","Wisconsin",42000,57000,2100,4,10000,7500,13
1,"d","Wyoming",13500,30000,2700,9,7500,4900,16
1,"d","",,,,,,,
1,"d","Other States 5/",6020,8460,140,2,2880,3130,37
1,"d","",,,,,,,
1,"d","United States",2829520,"(X)",352280,12,665730,475750,17
1,"c",""
1,"f","(X)  Not applicable."
1,"f","1/ April 1 colonies plus all colonies moved into that state during the quarter."
1,"f","2/ Percent lost is the number of lost colonies divided by maximum colonies except for the United States, where percent lost is the number of lost colonies divided by the April 1 colonies."
1,"f","3/ Defined as any surviving colony that was requeened or received new honey bees through nuc or package."
1,"f","4/ Percent renovated is the number of renovated colonies divided by maximum colonies except for the United States, where percent renovated is the number of renovated colonies divided by the April 1 colonies."
1,"f","5/ Includes data for States not published in this table."
7,"t","Honey Bee Colonies: Released August 1, 2022, by the National Agricultural Statistics Service (NASS), Agricultural Statistics Board, United States Department of Agriculture (USDA)."
7,"t","Colonies, Maximum, Lost, Percent Lost, Added, Renovated, and Percent Renovated with Five or More Colonies – States and United States: July 1, 2021 and July-September 2021"
7,"h","","","","","","","",""
7,"h","","","July-September","July-September","July-September","July-September","July-September","July-September"
7,"h","State","July 1","","","","","",""
7,"h","","colonies","Maximum","Lost","Percent","Added","Renovated","Percent"
7,"h","","","colonies 1/","colonies","lost 2/","colonies","colonies 3/","Renovated 4/"
7,"h","","","","","","","",""
7,"u","","(number)","(number)","(number)","(percent)","(number)","(number)","(percent)"
7,"d","Alabama",9500,9500,1400,15,950,280,3
7,"d","Arizona",31000,31000,6500,21,2000,2300,7
7,"d","Arkansas",20000,20000,1800,9,2400,1700,9
7,"d","California",650000,680000,25000,4,47000,51000,8
7,"d","Colorado",22000,22000,1700,8,1500,750,3
7,"d","Connecticut",4200,4200,120,3,140,170,4
7,"d","Florida",235000,255000,39000,15,34000,27000,11
7,"d","Georgia",116000,123000,22000,18,28000,35000,28
7,"d","Hawaii",21000,21000,1100,5,100,520,2
7,"d","Idaho",86000,135000,3500,3,7000,3000,2
7,"d","",,,,,,,
7,"d","Illinois",14500,14500,680,5,640,1200,8
7,"d","Indiana",16500,16500,1700,10,770,1400,8
7,"d","Iowa",37000,54000,4500,8,1000,130,"(Z)"
7,"d","Kansas",9000,9000,1600,18,500,1300,14
7,"d","Kentucky",10500,10500,1100,10,900,740,7
7,"d","Louisiana",29000,31000,2300,7,1300,2800,9
7,"d","Maine",10000,10000,1400,14,380,210,2
7,"d","Maryland",6000,6000,490,8,300,170,3
7,"d","Massachusetts",13000,13000,1100,8,1700,1200,9
7,"d","Michigan",120000,120000,8500,7,7500,4800,4
7,"d","",,,,,,,
7,"d","Minnesota",106000,106000,7000,7,5000,1300,1
7,"d","Mississippi",18500,18500,1900,10,770,310,2
7,"d","Missouri",6500,7000,480,7,420,900,13
7,"d","Montana",103000,114000,6000,5,870,7500,7
7,"d","Nebraska",45000,49000,6000,12,1200,1800,4
7,"d","New Jersey",19500,19500,400,2,390,480,2
7,"d","New Mexico",5500,5500,30,1,40,130,2
7,"d","New York",62000,67000,5500,8,2200,5000,7
7,"d","North Carolina",23000,25000,3000,12,3800,2200,9
7,"d","North Dakota",510000,580000,67000,12,7500,14500,3
7,"d","",,,,,,,
7,"d","Ohio",21000,21000,1700,8,1300,4100,20
7,"d","Oklahoma",3300,3300,260,8,340,20,1
7,"d","Oregon",130000,132000,14000,11,9000,13500,10
7,"d","Pennsylvania",25000,28000,1600,6,740,980,4
7,"d","South Carolina",17000,20000,2200,11,2500,460,2
7,"d","South Dakota",230000,235000,29000,12,7000,3100,1
7,"d","Tennessee",13500,15500,1100,7,850,740,5
7,"d","Texas",138000,144000,4000,3,3100,6000,4
7,"d","Utah",37000,37000,2900,8,2200,1900,5
7,"d","Vermont",7000,7000,10,"(Z)",310,100,1
7,"d","",,,,,,,
7,"d","Virginia",10500,10500,890,8,530,750,7
7,"d","Washington",72000,79000,4900,6,4300,15500,20
7,"d","West Virginia",8000,8000,570,7,320,220,3
7,"d","Wisconsin",66000,66000,7000,11,1500,4300,7
7,"d","Wyoming",27000,36000,2200,6,430,3900,11
7,"d","",,,,,,,
7,"d","Other States 5/",8890,10990,530,5,210,1460,13
7,"d","",,,,,,,
7,"d","United States",3173390,"(X)",295660,9,194900,226820,7
7,"c",""
7,"f","(X)  Not applicable."
7,"f","(Z)  Less than half of the unit shown."
7,"f","1/ July 1 colonies plus all colonies moved into that state during the quarter."
7,"f","2/ Percent lost is the number of lost colonies divided by maximum colonies except for the United States, where percent lost is the number of lost colonies divided by the July 1 colonies."
7,"f","3/ Defined as any surviving colony that was requeened or received new honey bees through nuc or package."
7,"f","4/ Percent renovated is the number of renovated colonies divided by maximum colonies except for the United States, where percent renovated is the number of renovated colonies divided by the July 1 colonies."
7,"f","5/ Includes data for States not published in this table."
8,"t","Honey Bee Colonies: Released August 1, 2022, by the National Agricultural Statistics Service (NASS), Agricultural Statistics Board, United States Department of Agriculture (USDA)."
8,"t","Colonies, Maximum, Lost, Percent Lost, Added, Renovated, and Percent Renovated with Five or More Colonies – States and United States: October 1, 2021 and October-December 2021"
8,"h","","","","","","","",""
8,"h","","","October-December","October-December","October-December","October-December","October-December","October-December"
8,"h","State","October 1","","","","","",""
8,"h","","colonies","Maximum","Lost","Percent","Added","Renovated","Percent"
8,"h","","","colonies 1/","colonies","lost 2/","colonies","colonies 3/","renovated 4/"
8,"h","","","","","","","",""
8,"u","","(number)","(number)","(number)","(percent)","(number)","(number)","(percent)"
8,"d","Alabama",9000,9000,1100,12,360,10,"(Z)"
8,"d","Arizona",23000,23000,5500,24,7500,-,-
8,"d","Arkansas",18000,18000,480,3,920,100,1
8,"d","California",640000,1210000,50000,4,15000,29000,2
8,"d","Colorado",12000,13000,1600,12,200,-,"(Z)"
8,"d","Connecticut",4000,4000,180,5,140,130,3
8,"d","Florida",255000,310000,38000,12,20000,11000,4
8,"d","Georgia",131000,132000,24000,18,12500,12000,9
8,"d","Hawaii",20000,20000,100,1,1100,530,3
8,"d","Idaho",141000,230000,22000,10,250,4300,2
8,"d","",,,,,,,
8,"d","Illinois",12500,12500,1300,10,180,810,6
8,"d","Indiana",14500,14500,1700,12,130,2400,17
8,"d","Iowa",51000,51000,4000,8,170,90,"(Z)"
8,"d","Kansas",8000,8000,2100,26,140,50,1
8,"d","Kentucky",10500,10500,880,8,120,460,4
8,"d","Louisiana",30000,36000,2800,8,1400,1300,4
8,"d","Maine",5500,5500,700,13,70,160,3
8,"d","Maryland",5500,6000,720,12,1200,-,-
8,"d","Massachusetts",10500,10500,290,3,20,50,"(Z)"
8,"d","Michigan",105000,105000,6000,6,140,2200,2
8,"d","",,,,,,,
8,"d","Minnesota",100000,100000,10500,11,4900,350,"(Z)"
8,"d","Mississippi",15500,23000,3000,13,30,240,1
8,"d","Missouri",6000,7500,590,8,190,120,2
8,"d","Montana",92000,102000,17000,17,3200,8000,8
8,"d","Nebraska",43000,43000,7500,17,10,250,1
8,"d","New Jersey",19500,19500,430,2,350,-,-
8,"d","New Mexico",5500,5500,1900,35,2000,-,-
8,"d","New York",65000,66000,21000,32,440,26000,39
8,"d","North Carolina",21000,22000,2100,10,260,360,2
8,"d","North Dakota",485000,485000,27000,6,11000,8000,2
8,"d","",,,,,,,
8,"d","Ohio",13500,17000,1600,9,300,460,3
8,"d","Oklahoma",3300,21000,1400,7,230,950,5
8,"d","Oregon",103000,103000,10500,10,680,29000,28
8,"d","Pennsylvania",26000,26000,2400,9,250,150,1
8,"d","South Carolina",20000,21000,3200,15,70,150,1
8,"d","South Dakota",190000,190000,11500,6,1400,120,"(Z)"
8,"d","Tennessee",15500,15500,1400,9,20,1200,8
8,"d","Texas",146000,290000,23000,8,2100,1700,1
8,"d","Utah",37000,37000,3200,9,1500,1400,4
8,"d","Vermont",7000,7000,40,1,-,50,1
8,"d","",,,,,,,
8,"d","Virginia",8500,8500,930,11,160,210,2
8,"d","Washington",79000,83000,6500,8,1400,2300,3
8,"d","West Virginia",7500,7500,560,7,10,100,1
8,"d","Wisconsin",47000,47000,5500,12,1100,150,"(Z)"
8,"d","Wyoming",21000,22000,2400,11,660,560,3
8,"d","",,,,,,,
8,"d","Other States 5/",8990,8990,510,6,140,110,1
8,"d","",,,,,,,
8,"d","United States",3091790,"(X)",329110,11,93940,146520,5
8,"c",""
8,"f","-  Represents zero."
8,"f","(X)  Not applicable."
8,"f","(Z)  Less than half of the unit shown."
8,"f","1/ October 1 colonies plus all colonies moved into that state during the quarter."
8,"f","2/ Percent lost is the number of lost colonies divided by maximum colonies except for the United States, where percent lost is the number of lost colonies divided by the October 1 colonies."
8,"f","3/ Defined as any surviving colony that was requeened or received new honey bees through nuc or package."
8,"f","4/ Percent renovated is the number of renovated colonies divided by maximum colonies except for the United States, where percent renovated is the number of renovated colonies divided by the October 1 colonies."
8,"f","5/ Includes data for States not published in this table."
11,"t","Honey Bee Colonies: Released August 1, 2022, by the National Agricultural Statistics Service (NASS), Agricultural Statistics Board, United States Department of Agriculture (USDA)."
11,"t","Colonies, Maximum, Lost, Percent Lost, Added, Renovated, and Percent Renovated with Five or More Colonies – States and United States: January 1, 2022 and January-March 2022"
11,"h","","","","","","","",""
11,"h","","","January-March","January-March","January-March","January-March","January-March","January-March"
11,"h","State","January 1","","","","","",""
11,"h","","colonies","Maximum","Lost","Percent","Added","Renovated","Percent"
11,"h","","","colonies 1/","colonies","lost 2/","colonies","colonies 3/","renovated 4/"
11,"h","","","","","","","",""
11,"u","","(number)","(number)","(number)","(percent)","(number)","(number)","(percent)"
11,"d","Alabama",8000,11500,1100,10,1600,520,5
11,"d","Arizona",25000,28000,2300,8,4700,10,"(Z)"
11,"d","Arkansas",18500,21000,2600,12,780,20,"(Z)"
11,"d","California",1020000,1330000,163000,12,139000,95000,7
11,"d","Colorado",3800,8500,540,6,-,10,"(Z)"
11,"d","Connecticut",4000,4000,420,11,500,170,4
11,"d","Florida",295000,295000,24000,8,50000,13500,5
11,"d","Georgia",118000,119000,14000,12,26000,18000,15
11,"d","Hawaii",21000,21000,1600,8,2600,1000,5
11,"d","Idaho",194000,215000,8000,4,7500,1000,"(Z)"
11,"d","",,,,,,,
11,"d","Illinois",11500,11500,2200,19,900,140,1
11,"d","Indiana",11000,11000,2900,26,130,30,"(Z)"
11,"d","Iowa",26000,29000,2800,10,610,30,"(Z)"
11,"d","Kansas",5000,5000,520,10,140,60,1
11,"d","Kentucky",8500,9500,1300,14,50,160,2
11,"d","Louisiana",35000,42000,6000,14,7000,2200,5
11,"d","Maine",3100,7000,340,5,300,120,2
11,"d","Maryland",6500,7500,1900,25,1800,1000,13
11,"d","Massachusetts",6000,6000,950,16,350,510,9
11,"d","Michigan",66000,77000,4500,6,1400,2500,3
11,"d","",,,,,,,
11,"d","Minnesota",95000,98000,1500,2,6000,80,"(Z)"
11,"d","Mississippi",20000,38000,3300,9,12000,2100,6
11,"d","Missouri",7000,11000,730,7,310,570,5
11,"d","Montana",45000,54000,300,1,30,-,"(Z)"
11,"d","Nebraska",24000,30000,840,3,30,-,-
11,"d","New Jersey",15000,15000,550,4,1500,30,"(Z)"
11,"d","New Mexico",5500,8000,1900,24,1000,-,-
11,"d","New York",44000,44000,5500,13,370,730,2
11,"d","North Carolina",20000,24000,2300,10,3100,520,2
11,"d","North Dakota",75000,89000,120,"(Z)",300,-,-
11,"d","",,,,,,,
11,"d","Ohio",16000,16000,1800,11,30,530,3
11,"d","Oklahoma",20000,20000,3000,15,50,3500,18
11,"d","Oregon",92000,95000,5000,5,2400,310,"(Z)"
11,"d","Pennsylvania",23000,25000,2800,11,470,360,1
11,"d","South Carolina",17000,20000,2500,13,4500,830,4
11,"d","South Dakota",21000,28000,1000,4,40,-,-
11,"d","Tennessee",10500,10500,2300,22,1300,200,2
11,"d","Texas",270000,400000,37000,9,80000,34000,9
11,"d","Utah",28000,32000,4100,13,4600,740,2
11,"d","Vermont",7000,8000,380,5,-,-,-
11,"d","",,,,,,,
11,"d","Virginia",7500,10000,1700,17,940,200,2
11,"d","Washington",70000,102000,7500,7,1400,6000,6
11,"d","West Virginia",5500,5500,1000,18,420,200,4
11,"d","Wisconsin",39000,53000,2800,5,1400,240,"(Z)"
11,"d","Wyoming",6000,8000,180,2,20,-,-
11,"d","",,,,,,,
11,"d","Other States 5/",6870,7230,710,10,320,60,1
11,"d","",,,,,,,
11,"d","United States",2875770,"(X)",331780,12,367890,187180,7
11,"c",""
11,"f","-  Represents zero."
11,"f","(X)  Not applicable."
11,"f","(Z)  Less than half of the unit shown."
11,"f","1/ January 1 colonies plus all colonies moved into that state during the quarter."
11,"f","2/ Percent lost is the number of lost colonies divided by maximum colonies except for the United States, where percent lost is the number of lost colonies divided by the January 1 colonies."
11,"f","3/ Defined as any surviving colony that was requeened or received new honey bees through nuc or package."
11,"f","4/ Percent renovated is the number of renovated colonies divided by maximum colonies except for the United States, where percent renovated is the number of renovated colonies divided by the January 1 colonies."
11,"f","5/ Includes data for States not published in this table."
22,"t","Honey Bee Colonies: Released August 1, 2022, by the National Agricultural Statistics Service (NASS), Agricultural Statistics Board, United States Department of Agriculture (USDA)."
22,"t","Colonies, Maximum, Lost, Percent Lost, Added, Renovated, and Percent Renovated with Five or More Colonies – States and United States: April 1, 2022 and April-June 2022"
22,"h","","","","","","","",""
22,"h","","","April-June","April-June","April-June","April-June","April-June","April-June"
22,"h","State","April 1","","","","","",""
22,"h","","colonies","Maximum","Lost","Percent","Added","Renovated","Percent"
22,"h","","","colonies 1/","colonies","lost 2/","colonies","colonies 3/","renovated 4/"
22,"h","","","","","","","",""
22,"u","","(number)","(number)","(number)","(percent)","(number)","(number)","(percent)"
22,"d","Alabama",12000,12000,1300,11,4600,1900,16
22,"d","Arizona",31000,32000,3100,10,17500,2800,9
22,"d","Arkansas",19000,22000,2800,13,5000,1100,5
22,"d","California",980000,1030000,82000,8,154000,121000,12
22,"d","Colorado",8000,19500,1400,7,7500,2300,12
22,"d","Connecticut",4100,4100,30,1,130,30,1
22,"d","Florida",290000,300000,34000,11,40000,39000,13
22,"d","Georgia",132000,134000,25000,19,27000,47000,35
22,"d","Hawaii",22000,22000,420,2,2200,2100,10
22,"d","Idaho",103000,111000,14500,13,35000,8500,8
22,"d","",,,,,,,
22,"d","Illinois",9000,9500,1100,12,4300,2100,22
22,"d","Indiana",8000,10000,1600,16,5500,620,6
22,"d","Iowa",27000,28000,2300,8,5000,2400,9
22,"d","Kansas",4600,4900,650,13,6000,580,12
22,"d","Kentucky",6500,10500,610,6,3600,460,4
22,"d","Louisiana",43000,43000,1900,4,8500,11500,27
22,"d","Maine",7000,19000,890,5,1300,300,2
22,"d","Maryland",7500,8500,390,5,1600,1100,13
22,"d","Massachusetts",5500,14000,290,2,1200,910,7
22,"d","Michigan",74000,90000,3200,4,13000,3500,4
22,"d","",,,,,,,
22,"d","Minnesota",102000,110000,1500,1,6000,2000,2
22,"d","Mississippi",46000,47000,4000,9,16000,7000,15
22,"d","Missouri",10500,10500,1500,14,6000,4800,46
22,"d","Montana",38000,102000,970,1,5500,8000,8
22,"d","Nebraska",19000,45000,2400,5,8000,5000,11
22,"d","New Jersey",16000,19000,140,1,2600,70,"(Z)"
22,"d","New Mexico",7000,7000,1600,23,4200,2200,31
22,"d","New York",35000,53000,2000,4,6000,4400,8
22,"d","North Carolina",25000,30000,1200,4,7500,3300,11
22,"d","North Dakota",90000,455000,16500,4,12000,9000,2
22,"d","",,,,,,,
22,"d","Ohio",14500,14500,400,3,4300,1200,8
22,"d","Oklahoma",12500,20000,1100,6,10500,2100,11
22,"d","Oregon",94000,96000,4200,4,12500,19500,20
22,"d","Pennsylvania",23000,24000,730,3,7000,2300,10
22,"d","South Carolina",22000,23000,2500,11,3500,3200,14
22,"d","South Dakota",13500,184000,4100,2,2100,19000,10
22,"d","Tennessee",9500,11500,4400,38,9000,1200,10
22,"d","Texas",345000,415000,41000,10,83000,114000,27
22,"d","Utah",23000,29000,4300,15,8500,5000,17
22,"d","Vermont",7500,8500,150,2,3300,160,2
22,"d","",,,,,,,
22,"d","Virginia",9000,10500,580,6,2900,680,6
22,"d","Washington",97000,109000,6000,6,12500,23000,21
22,"d","West Virginia",5000,7500,260,3,2400,2600,35
22,"d","Wisconsin",52000,62000,1600,3,6000,1300,2
22,"d","Wyoming",8000,23000,1900,8,4500,1800,8
22,"d","",,,,,,,
22,"d","Other States 5/",4390,4690,120,3,900,400,9
22,"d","",,,,,,,
22,"d","United States",2921590,"(X)",282630,10,589630,492410,17
22,"c",""
22,"f","(X)  Not applicable."
22,"f","(Z)  Less than half of the unit shown."
22,"f","1/ April 1 number of colonies plus all colonies moved into that state during the quarter."
22,"f","2/ Percent lost is the number of lost colonies divided by maximum colonies except for the United States, where percent lost is the number of lost colonies divided by the April 1 number of colonies."
22,"f","3/ Defined as any surviving colony that was requeened or received new honey bees through nuc or package."
22,"f","4/ Percent renovated is the number of renovated colonies divided by maximum colonies except for the United States, where percent renovated is the number of renovated colonies divided by the April 1 number of colonies."
22,"f","5/ Includes data for States not published in this table."
2,"t","Honey Bee Colonies: Released August 1, 2022, by the National Agricultural Statistics Service (NASS), Agricultural Statistics Board, United States Department of Agriculture (USDA)."
2,"t","Colony Health Stressors with Five or More Colonies – States and United States: January-March 2021"
2,"t","[Percent of colonies affected by stressors anytime during the quarter. A colony may be affected by multiple stressors during the quarter]"
2,"h","","","","","","",""
2,"h","","Varroa","Other pests","","","",""
2,"h","State","mites","and parasites 1/","Diseases 2/","Pesticides","Other 3/","Unknown"
2,"h","","","","","","",""
2,"u","","(percent)","(percent)","(percent)","(percent)","(percent)","(percent)"
2,"d","Alabama",52.2,30.3,-,"(Z)",3.1,4.0
2,"d","Arizona",6.7,6.1,6.0,-,0.5,3.8
2,"d","Arkansas",27.2,18.3,"(Z)",13.2,3.8,2.5
2,"d","California",29.9,5.7,1.7,7.2,6.2,3.4
2,"d","Colorado",7.9,-,-,-,1.0,7.0
2,"d","Connecticut",17.8,3.5,-,0.5,1.6,1.0
2,"d","Florida",34.6,11.9,5.6,6.6,6.3,3.4
2,"d","Georgia",47.9,14.4,8.9,1.5,4.1,4.6
2,"d","Hawaii",53.0,52.2,-,-,4.7,-
2,"d","Idaho",30.0,9.9,-,8.9,1.6,1.5
2,"d","",,,,,,
2,"d","Illinois",28.8,12.9,1.6,1.3,17.9,9.4
2,"d","Indiana",34.1,5.4,-,0.7,4.8,4.4
2,"d","Iowa",18.9,0.7,"(Z)",3.7,7.8,3.8
2,"d","Kansas",25.7,2.8,-,-,19.1,2.2
2,"d","Kentucky",27.5,16.9,"(Z)",-,5.1,9.3
2,"d","Louisiana",62.1,3.8,-,1.6,10.0,1.1
2,"d","Maine",7.2,2.6,"(Z)",-,2.2,2.1
2,"d","Maryland",34.6,1.1,-,"(Z)",19.7,2.7
2,"d","Massachusetts",28.9,3.6,1.0,0.5,7.8,4.5
2,"d","Michigan",2.3,"(Z)","(Z)","(Z)",0.7,1.6
2,"d","",,,,,,
2,"d","Minnesota",6.3,0.6,-,2.5,2.8,"(Z)"
2,"d","Mississippi",19.7,3.8,-,1.0,15.5,4.7
2,"d","Missouri",16.6,5.6,"(Z)",0.8,13.1,5.3
2,"d","Montana",15.0,-,-,-,"(Z)","(Z)"
2,"d","Nebraska",11.0,"(Z)","(Z)",1.5,1.7,0.7
2,"d","New Jersey",18.7,1.5,1.0,1.3,1.2,0.8
2,"d","New Mexico",14.2,"(Z)",-,-,6.5,1.9
2,"d","New York",15.0,3.9,0.6,0.5,5.7,4.8
2,"d","North Carolina",23.5,7.2,"(Z)","(Z)",0.6,0.5
2,"d","North Dakota",12.0,0.5,1.0,"(Z)",1.5,"(Z)"
2,"d","",,,,,,
2,"d","Ohio",26.6,14.4,2.9,2.0,8.2,4.9
2,"d","Oklahoma",7.6,"(Z)",-,"(Z)",4.2,2.0
2,"d","Oregon",12.8,10.7,1.4,"(Z)",1.2,0.6
2,"d","Pennsylvania",18.1,11.6,"(Z)",-,6.8,8.6
2,"d","South Carolina",48.5,10.1,"(Z)",3.2,4.1,0.9
2,"d","South Dakota",8.6,-,-,"(Z)","(Z)",0.8
2,"d","Tennessee",34.4,5.2,1.4,0.8,2.6,8.9
2,"d","Texas",17.7,13.0,1.5,5.8,7.4,"(Z)"
2,"d","Utah",45.4,0.9,-,2.4,1.0,6.3
2,"d","Vermont",21.1,"(Z)",3.7,-,10.1,"(Z)"
2,"d","",,,,,,
2,"d","Virginia",11.9,1.0,-,1.9,3.9,4.9
2,"d","Washington",14.8,2.3,1.0,"(Z)",4.5,"(Z)"
2,"d","West Virginia",13.6,3.3,0.7,2.6,1.2,3.1
2,"d","Wisconsin",16.1,"(Z)","(Z)","(Z)",3.6,3.2
2,"d","Wyoming",8.4,"(Z)","(Z)",-,3.3,7.9
2,"d","",,,,,,
2,"d","Other States 4/",19.4,1.2,4.1,"(Z)",6.6,1.1
2,"d","",,,,,,
2,"d","United States",33.0,8.9,2.3,6.4,6.7,3.4
2,"c",""
2,"f","-  Represents zero."
2,"f","(Z)  Less than half of the unit shown."
2,"f","1/ Tracheal mites, nosema, hive beetle, wax moths, etc."
2,"f","2/ Includes American and European foulbrood, chalkbrood, stonebrood, paralysis (acute and chronic), kashmir, deformed wing, sacbrood, IAPV, Lake Sinai II, etc."
2,"f","3/ Includes weather, starvation, insufficient forage, queen failure, hive damage/destroyed, etc."
2,"f","4/ Includes data for States not published in this table."
13,"t","Honey Bee Colonies: Released August 1, 2022, by the National Agricultural Statistics Service (NASS), Agricultural Statistics Board, United States Department of Agriculture (USDA)."
13,"t","Colony Health Stressors with Five or More Colonies – States and United States: April-June 2021"
13,"t","[Percent of colonies affected by stressors anytime during the quarter. A colony may be affected by multiple stressors during the quarter]"
13,"h","","","","","","",""
13,"h","","Varroa","Other pests","","","",""
13,"h","State","mites","and parasites 1/","Diseases 2/","Pesticides","Other 3/","Unknown"
13,"h","","","","","","",""
13,"u","","(percent)","(percent)","(percent)","(percent)","(percent)","(percent)"
13,"d","Alabama",55.2,35.0,0.5,2.1,5.8,7.4
13,"d","Arizona",7.4,-,3.6,1.2,7.1,6.9
13,"d","Arkansas",42.2,21.9,5.7,2.8,2.0,3.6
13,"d","California",42.4,11.5,7.7,16.1,11.6,3.8
13,"d","Colorado",56.1,"(Z)",-,"(Z)",0.5,2.9
13,"d","Connecticut",16.5,6.0,0.1,"(Z)",1.0,-
13,"d","Florida",43.4,22.9,4.3,10.1,6.4,7.7
13,"d","Georgia",44.7,13.8,5.2,2.8,5.2,5.8
13,"d","Hawaii",92.6,60.8,-,-,"(Z)","(Z)"
13,"d","Idaho",31.9,1.9,5.4,9.9,2.0,6.2
13,"d","",,,,,,
13,"d","Illinois",32.5,4.5,1.6,3.5,4.1,7.4
13,"d","Indiana",22.8,7.3,0.6,7.0,6.1,1.3
13,"d","Iowa",13.7,2.5,1.2,0.8,2.6,8.2
13,"d","Kansas",47.8,21.6,7.2,8.6,1.5,6.5
13,"d","Kentucky",21.5,4.0,1.0,2.2,4.2,2.6
13,"d","Louisiana",29.1,3.7,"(Z)","(Z)",10.6,0.9
13,"d","Maine",13.9,-,"(Z)",-,1.5,-
13,"d","Maryland",17.2,8.9,"(Z)",0.6,2.0,1.4
13,"d","Massachusetts",45.5,34.3,"(Z)",34.0,"(Z)",-
13,"d","Michigan",44.8,2.7,0.8,3.5,0.8,"(Z)"
13,"d","",,,,,,
13,"d","Minnesota",13.1,-,"(Z)",12.8,1.1,1.1
13,"d","Mississippi",46.7,11.3,3.2,0.5,3.2,9.9
13,"d","Missouri",21.9,8.8,1.8,0.9,8.3,4.8
13,"d","Montana",20.8,-,1.5,13.3,5.2,3.0
13,"d","Nebraska",17.3,"(Z)","(Z)",7.4,3.2,1.3
13,"d","New Jersey",11.8,5.5,-,2.6,1.8,1.3
13,"d","New Mexico",60.0,1.2,1.3,2.5,-,"(Z)"
13,"d","New York",35.8,3.9,0.5,1.7,2.3,3.5
13,"d","North Carolina",35.8,3.5,"(Z)","(Z)","(Z)","(Z)"
13,"d","North Dakota",29.2,0.7,"(Z)","(Z)",2.0,"(Z)"
13,"d","",,,,,,
13,"d","Ohio",62.1,37.8,6.6,4.1,7.1,3.1
13,"d","Oklahoma",3.1,2.1,"(Z)","(Z)",7.0,1.0
13,"d","Oregon",17.2,8.3,6.2,10.1,6.5,1.8
13,"d","Pennsylvania",21.4,5.0,1.4,2.6,1.2,0.5
13,"d","South Carolina",48.4,32.7,2.1,"(Z)",9.1,5.0
13,"d","South Dakota",49.4,12.0,3.6,4.2,27.3,0.7
13,"d","Tennessee",22.4,10.3,"(Z)",2.4,3.1,"(Z)"
13,"d","Texas",38.1,3.4,-,11.5,5.7,"(Z)"
13,"d","Utah",40.0,25.7,10.3,18.7,"(Z)",1.4
13,"d","Vermont",28.1,0.8,0.5,-,1.5,-
13,"d","",,,,,,
13,"d","Virginia",13.3,6.3,3.6,2.1,2.7,3.7
13,"d","Washington",31.7,19.1,8.4,1.2,4.7,"(Z)"
13,"d","West Virginia",5.2,3.9,1.1,-,1.0,2.2
13,"d","Wisconsin",26.1,19.3,1.2,15.1,1.1,2.2
13,"d","Wyoming",8.3,0.9,-,6.9,1.5,2.4
13,"d","",,,,,,
13,"d","Other States 4/",42.8,"(Z)","(Z)",4.6,5.7,4.7
13,"d","",,,,,,
13,"d","United States",50.7,12.8,5.2,12.4,10.0,3.9
13,"c",""
13,"f","-  Represents zero."
13,"f","(Z)  Less than half of the unit shown."
13,"f","1/ Tracheal mites, nosema, hive beetle, wax moths, etc."
13,"f","2/ Includes American and European foulbrood, chalkbrood, stonebrood, paralysis (acute and chronic), kashmir, deformed wing, sacbrood, IAPV, Lake Sinai II, etc."
13,"f","3/ Includes weather, starvation, insufficient forage, queen failure, hive damage/destroyed, etc."
13,"f","4/ Includes data for States not published in this table."
9,"t","Honey Bee Colonies: Released August 1, 2022, by the National Agricultural Statistics Service (NASS), Agricultural Statistics Board, United States Department of Agriculture (USDA)."
9,"t","Colony Health Stressors with Five or More Colonies – States and United States: July-September 2021"
9,"t","[Percent of colonies affected by stressors anytime during the quarter. A colony may be affected by multiple stressors during the quarter]"
9,"h","","","","","","",""
9,"h","","Varroa","Other pests","","","",""
9,"h","State","mites","and parasites 1/","Diseases 2/","Pesticides","Other 3/","Unknown"
9,"h","","","","","","",""
9,"u","","(percent)","(percent)","(percent)","(percent)","(percent)","(percent)"
9,"d","Alabama",37.4,25.9,0.9,11.0,16.3,1.9
9,"d","Arizona",20.3,1.5,0.7,6.6,5.4,10.6
9,"d","Arkansas",42.3,32.9,3.2,30.6,5.8,4.9
9,"d","California",39.6,16.5,14.2,13.0,11.0,5.0
9,"d","Colorado",7.8,"(Z)",2.9,-,6.4,0.8
9,"d","Connecticut",16.4,0.8,0.7,3.9,2.4,5.9
9,"d","Florida",43.4,20.5,7.1,14.1,11.4,8.7
9,"d","Georgia",63.9,32.2,4.8,12.0,13.4,7.6
9,"d","Hawaii",29.6,19.0,"(Z)",18.0,-,0.9
9,"d","Idaho",55.2,1.8,2.6,7.0,7.0,1.5
9,"d","",,,,,,
9,"d","Illinois",37.7,9.5,1.4,3.3,4.4,5.7
9,"d","Indiana",39.3,23.7,5.2,17.4,1.9,2.3
9,"d","Iowa",7.5,1.6,2.8,5.9,"(Z)",2.2
9,"d","Kansas",66.8,31.1,10.1,14.9,17.7,14.7
9,"d","Kentucky",39.4,18.2,0.6,"(Z)",1.2,11.0
9,"d","Louisiana",8.0,2.3,-,-,0.6,6.0
9,"d","Maine",18.7,-,"(Z)",5.0,17.0,-
9,"d","Maryland",20.0,13.6,"(Z)",0.5,0.7,1.5
9,"d","Massachusetts",23.0,8.7,0.6,1.5,0.5,4.5
9,"d","Michigan",63.5,4.2,"(Z)",17.0,2.7,0.8
9,"d","",,,,,,
9,"d","Minnesota",27.5,1.1,"(Z)",10.5,2.3,1.8
9,"d","Mississippi",25.3,1.1,1.3,"(Z)",3.0,7.8
9,"d","Missouri",24.0,14.4,"(Z)",1.3,2.1,8.7
9,"d","Montana",19.5,1.5,1.2,"(Z)",14.8,0.5
9,"d","Nebraska",13.7,"(Z)","(Z)",1.8,3.2,1.8
9,"d","New Jersey",10.7,4.9,"(Z)",1.8,0.7,1.9
9,"d","New Mexico",22.5,4.4,1.1,-,-,-
9,"d","New York",37.7,14.1,3.0,5.6,11.8,11.2
9,"d","North Carolina",29.3,10.4,0.9,"(Z)",6.6,1.0
9,"d","North Dakota",31.7,6.1,2.2,4.1,7.0,5.5
9,"d","",,,,,,
9,"d","Ohio",78.7,49.9,0.7,23.0,8.2,4.1
9,"d","Oklahoma",14.5,9.4,0.5,"(Z)",6.2,1.4
9,"d","Oregon",39.4,8.4,3.4,10.9,9.6,1.3
9,"d","Pennsylvania",40.5,15.3,1.0,2.6,4.2,3.8
9,"d","South Carolina",15.8,5.3,2.8,1.3,4.3,3.2
9,"d","South Dakota",18.3,4.6,1.1,3.9,14.1,1.3
9,"d","Tennessee",16.0,11.6,"(Z)",0.7,1.8,"(Z)"
9,"d","Texas",20.2,6.0,0.5,4.4,4.4,0.5
9,"d","Utah",40.0,"(Z)","(Z)",3.9,1.9,0.5
9,"d","Vermont",25.4,3.0,1.5,-,1.6,0.6
9,"d","",,,,,,
9,"d","Virginia",19.2,12.1,0.9,0.8,4.6,1.9
9,"d","Washington",34.3,2.2,4.9,2.3,12.7,1.6
9,"d","West Virginia",24.7,15.1,10.2,9.9,2.8,1.2
9,"d","Wisconsin",56.0,36.8,20.3,31.2,15.3,8.0
9,"d","Wyoming",4.7,"(Z)","(Z)",0.5,0.8,0.8
9,"d","",,,,,,
9,"d","Other States 4/",31.7,10.9,"(Z)",11.0,4.6,2.2
9,"d","",,,,,,
9,"d","United States",38.0,11.6,5.5,9.2,9.3,4.5
9,"c",""
9,"f","-  Represents zero."
9,"f","(Z)  Less than half of the unit shown."
9,"f","1/ Tracheal mites, nosema, hive beetle, wax moths, etc."
9,"f","2/ Includes American and European foulbrood, chalkbrood, stonebrood, paralysis (acute and chronic), kashmir, deformed wing, sacbrood, IAPV, Lake Sinai II, etc."
9,"f","3/ Includes weather, starvation, insufficient forage, queen failure, hive damage/destroyed, etc."
9,"f","4/ Includes data for States not published in this table."
10,"t","Honey Bee Colonies: Released August 1, 2022, by the National Agricultural Statistics Service (NASS), Agricultural Statistics Board, United States Department of Agriculture (USDA)."
10,"t","Colony Health Stressors with Five or More Colonies – States and United States: October-December 2021"
10,"t","[Percent of colonies affected by stressors anytime during the quarter. A colony may be affected by multiple stressors during the quarter]"
10,"h","","","","","","",""
10,"h","","Varroa","Other pests","","","",""
10,"h","State","mites","and parasites 1/","Diseases 2/","Pesticides","Other 3/","Unknown"
10,"h","","","","","","",""
10,"u","","(percent)","(percent)","(percent)","(percent)","(percent)","(percent)"
10,"d","Alabama",60.8,44.7,3.5,6.8,2.5,1.4
10,"d","Arizona",67.2,35.2,"(Z)",3.3,1.8,0.9
10,"d","Arkansas",35.7,28.2,-,25.6,0.6,0.7
10,"d","California",14.6,4.8,3.7,1.9,2.8,2.0
10,"d","Colorado",4.6,"(Z)",-,"(Z)",2.6,3.7
10,"d","Connecticut",20.6,0.6,0.6,0.6,0.6,2.8
10,"d","Florida",28.9,19.0,5.9,9.1,8.8,13.6
10,"d","Georgia",41.0,24.7,0.5,7.8,5.7,7.2
10,"d","Hawaii",66.1,64.2,19.7,-,-,-
10,"d","Idaho",58.1,8.0,4.9,12.0,4.0,11.2
10,"d","",,,,,,
10,"d","Illinois",31.9,9.1,2.4,1.4,2.3,7.2
10,"d","Indiana",43.6,19.6,11.3,21.3,1.5,1.9
10,"d","Iowa",17.9,1.2,0.9,17.0,1.0,1.7
10,"d","Kansas",30.5,20.1,1.5,15.5,14.6,13.9
10,"d","Kentucky",54.1,39.0,2.3,"(Z)",13.2,12.0
10,"d","Louisiana",28.2,5.4,-,"(Z)","(Z)",5.3
10,"d","Maine",29.3,18.1,-,-,15.2,2.0
10,"d","Maryland",21.2,12.2,"(Z)",-,3.1,0.7
10,"d","Massachusetts",5.4,"(Z)",0.5,-,"(Z)",0.6
10,"d","Michigan",8.7,2.2,-,3.1,0.9,1.5
10,"d","",,,,,,
10,"d","Minnesota",8.0,"(Z)",-,3.4,0.6,1.4
10,"d","Mississippi",27.8,8.6,-,5.8,"(Z)",8.3
10,"d","Missouri",17.3,6.3,"(Z)",1.1,1.3,0.8
10,"d","Montana",27.2,2.9,3.1,-,4.9,"(Z)"
10,"d","Nebraska",28.0,1.5,2.8,4.2,1.8,"(Z)"
10,"d","New Jersey",8.6,5.9,"(Z)",-,"(Z)","(Z)"
10,"d","New Mexico",65.6,44.4,-,14.1,"(Z)",0.7
10,"d","New York",48.0,34.5,1.0,1.3,13.6,3.5
10,"d","North Carolina",24.1,1.4,-,"(Z)","(Z)",5.1
10,"d","North Dakota",28.0,0.9,2.8,"(Z)",7.8,"(Z)"
10,"d","",,,,,,
10,"d","Ohio",36.6,10.9,"(Z)",2.5,1.5,6.6
10,"d","Oklahoma",5.6,3.2,"(Z)",0.5,"(Z)",0.8
10,"d","Oregon",28.8,23.3,8.7,2.0,1.3,"(Z)"
10,"d","Pennsylvania",30.3,8.2,3.5,3.4,7.0,1.1
10,"d","South Carolina",28.1,5.5,"(Z)",11.3,0.8,2.0
10,"d","South Dakota",45.8,9.0,"(Z)",7.4,1.7,1.6
10,"d","Tennessee",33.5,5.1,0.5,1.4,2.5,1.0
10,"d","Texas",19.4,8.3,1.2,9.8,4.1,5.5
10,"d","Utah",4.8,0.7,0.7,0.7,2.0,4.7
10,"d","Vermont",16.1,0.6,"(Z)",-,"(Z)",0.8
10,"d","",,,,,,
10,"d","Virginia",31.8,19.1,0.8,0.5,5.2,3.2
10,"d","Washington",42.3,2.7,2.0,2.5,7.6,0.8
10,"d","West Virginia",13.8,6.3,0.6,1.9,1.0,3.1
10,"d","Wisconsin",28.4,"(Z)",0.5,0.7,2.5,0.7
10,"d","Wyoming",14.7,2.3,9.3,-,2.3,0.6
10,"d","",,,,,,
10,"d","Other States 4/",14.2,"(Z)",0.9,"(Z)",4.2,"(Z)"
10,"d","",,,,,,
10,"d","United States",33.6,10.6,3.9,5.6,5.4,4.7
10,"c",""
10,"f","-  Represents zero."
10,"f","(Z)  Less than half of the unit shown."
10,"f","1/ Tracheal mites, nosema, hive beetle, wax moths, etc."
10,"f","2/ Includes American and European foulbrood, chalkbrood, stonebrood, paralysis (acute and chronic), kashmir, deformed wing, sacbrood, IAPV, Lake Sinai II, etc."
10,"f","3/ Includes weather, starvation, insufficient forage, queen failure, hive damage/destroyed, etc."
10,"f","4/ Includes data for States not published in this table."
12,"t","Honey Bee Colonies: Released August 1, 2022, by the National Agricultural Statistics Service (NASS), Agricultural Statistics Board, United States Department of Agriculture (USDA)."
12,"t","Colony Health Stressors with Five or More Colonies – States and United States: January-March 2022"
12,"t","[Percent of colonies affected by stressors anytime during the quarter. A colony may be affected by multiple stressors during the quarter]"
12,"h","","","","","","",""
12,"h","","Varroa","Other pests","","","",""
12,"h","State","mites","and parasites 1/","Diseases 2/","Pesticides","Other 3/","Unknown"
12,"h","","","","","","",""
12,"u","","(percent)","(percent)","(percent)","(percent)","(percent)","(percent)"
12,"d","Alabama",36.9,17.0,-,3.7,10.8,5.3
12,"d","Arizona",14.8,-,3.0,"(Z)","(Z)",0.5
12,"d","Arkansas",39.8,28.1,-,13.1,1.3,8.9
12,"d","California",29.7,7.2,3.3,5.3,3.9,4.2
12,"d","Colorado",4.0,-,3.8,0.6,3.4,2.6
12,"d","Connecticut",10.2,2.3,1.4,"(Z)",3.5,1.2
12,"d","Florida",39.0,13.1,3.7,9.8,6.4,8.2
12,"d","Georgia",41.2,17.4,0.6,5.1,5.9,3.0
12,"d","Hawaii",76.1,76.0,-,-,3.0,-
12,"d","Idaho",57.0,1.1,"(Z)",15.5,1.4,1.3
12,"d","",,,,,,
12,"d","Illinois",20.1,6.9,2.0,4.3,5.4,10.6
12,"d","Indiana",28.5,11.5,1.7,3.6,9.7,5.9
12,"d","Iowa",29.7,13.0,0.7,0.9,1.6,5.1
12,"d","Kansas",37.8,21.8,3.7,1.7,4.2,5.1
12,"d","Kentucky",15.6,3.9,3.0,2.8,5.6,11.0
12,"d","Louisiana",61.1,48.1,-,-,0.6,7.6
12,"d","Maine",7.3,1.2,-,-,7.0,1.2
12,"d","Maryland",13.7,7.4,0.6,2.3,12.1,13.6
12,"d","Massachusetts",13.4,2.9,0.7,-,1.6,2.7
12,"d","Michigan",6.1,1.9,1.9,1.4,4.2,"(Z)"
12,"d","",,,,,,
12,"d","Minnesota",1.1,-,-,"(Z)","(Z)",1.0
12,"d","Mississippi",39.7,13.2,6.5,2.0,1.8,9.4
12,"d","Missouri",11.1,8.6,"(Z)",0.5,5.3,5.2
12,"d","Montana",0.5,-,-,-,"(Z)","(Z)"
12,"d","Nebraska",3.2,-,0.7,-,"(Z)",2.3
12,"d","New Jersey",13.3,3.9,"(Z)",-,0.6,1.8
12,"d","New Mexico",48.7,"(Z)","(Z)",-,0.5,"(Z)"
12,"d","New York",16.6,4.1,"(Z)",3.1,7.7,6.6
12,"d","North Carolina",23.4,7.6,"(Z)",-,2.4,1.0
12,"d","North Dakota",33.1,-,-,-,-,"(Z)"
12,"d","",,,,,,
12,"d","Ohio",18.0,4.8,0.7,1.7,2.2,7.2
12,"d","Oklahoma",18.8,"(Z)",-,-,-,"(Z)"
12,"d","Oregon",11.4,-,-,1.4,"(Z)",1.1
12,"d","Pennsylvania",14.6,3.9,"(Z)",0.6,3.1,3.0
12,"d","South Carolina",38.0,3.8,-,"(Z)",4.5,3.1
12,"d","South Dakota",4.2,3.4,-,"(Z)",1.8,"(Z)"
12,"d","Tennessee",12.9,5.1,1.0,"(Z)",3.3,3.0
12,"d","Texas",21.2,2.1,0.6,3.6,6.0,1.5
12,"d","Utah",3.2,1.5,3.0,-,"(Z)",0.5
12,"d","Vermont",15.2,1.9,1.3,4.0,2.7,0.5
12,"d","",,,,,,
12,"d","Virginia",25.7,13.9,2.5,"(Z)",12.0,7.8
12,"d","Washington",8.3,4.0,3.6,-,2.6,"(Z)"
12,"d","West Virginia",15.8,7.4,1.7,1.2,6.0,0.9
12,"d","Wisconsin",7.9,"(Z)","(Z)",6.5,2.0,0.5
12,"d","Wyoming",1.3,-,-,-,1.2,0.8
12,"d","",,,,,,
12,"d","Other States 4/",11.6,2.4,4.3,1.0,2.1,0.8
12,"d","",,,,,,
12,"d","United States",33.7,8.4,2.5,5.8,4.5,4.2
12,"c",""
12,"f","-  Represents zero."
12,"f","(Z)  Less than half of the unit shown."
12,"f","1/ Tracheal mites, nosema, hive beetle, wax moths, etc."
12,"f","2/ Includes American and European foulbrood, chalkbrood, stonebrood, paralysis (acute and chronic), kashmir, deformed wing, sacbrood, IAPV, Lake Sinai II, etc."
12,"f","3/ Includes weather, starvation, insufficient forage, queen failure, hive damage/destroyed, etc."
12,"f","4/ Includes data for States not published in this table."
23,"t","Honey Bee Colonies: Released August 1, 2022, by the National Agricultural Statistics Service (NASS), Agricultural Statistics Board, United States Department of Agriculture (USDA)."
23,"t","Colony Health Stressors with Five or More Colonies – States and United States: April-June 2022"
23,"t","[Percent of colonies affected by stressors anytime during the quarter. A colony may be affected by multiple stressors during the quarter]"
23,"h","","","","","","",""
23,"h","","Varroa","Other pests","","","",""
23,"h","State","mites","and parasites 1/","Diseases 2/","Pesticides","Other 3/","Unknown"
23,"h","","","","","","",""
23,"u","","(percent)","(percent)","(percent)","(percent)","(percent)","(percent)"
23,"d","Alabama",36.0,14.3,1.0,6.9,17.9,3.7
23,"d","Arizona",8.4,"(Z)",1.3,-,4.8,"(Z)"
23,"d","Arkansas",22.2,14.4,2.0,11.2,6.5,3.8
23,"d","California",41.1,16.0,4.8,6.7,19.8,3.7
23,"d","Colorado",27.0,-,0.6,"(Z)",16.6,"(Z)"
23,"d","Connecticut",1.9,-,-,-,1.1,-
23,"d","Florida",28.4,15.8,5.9,8.5,12.7,6.5
23,"d","Georgia",35.0,8.8,1.4,5.9,8.1,5.6
23,"d","Hawaii",63.1,61.2,4.6,-,0.5,"(Z)"
23,"d","Idaho",32.6,13.1,5.6,13.7,9.5,3.5
23,"d","",,,,,,
23,"d","Illinois",18.3,7.4,3.2,1.6,7.3,10.6
23,"d","Indiana",25.9,4.6,0.5,3.9,6.7,4.3
23,"d","Iowa",49.3,1.1,1.6,0.9,4.6,8.2
23,"d","Kansas",41.6,1.0,1.7,16.1,23.0,1.9
23,"d","Kentucky",39.9,15.1,10.7,2.4,2.5,12.9
23,"d","Louisiana",30.6,9.5,4.6,4.6,2.3,2.4
23,"d","Maine","(Z)",-,"(Z)",-,"(Z)","(Z)"
23,"d","Maryland",15.0,7.9,2.4,0.8,14.7,1.7
23,"d","Massachusetts",3.7,0.9,0.9,"(Z)",0.6,"(Z)"
23,"d","Michigan",10.4,"(Z)",3.0,6.9,2.7,"(Z)"
23,"d","",,,,,,
23,"d","Minnesota",4.9,0.7,"(Z)","(Z)",2.6,"(Z)"
23,"d","Mississippi",25.4,15.3,"(Z)",0.7,15.2,8.9
23,"d","Missouri",11.5,3.1,0.9,0.5,2.8,1.2
23,"d","Montana",9.2,-,-,1.8,8.8,-
23,"d","Nebraska",26.6,22.1,0.8,-,0.6,"(Z)"
23,"d","New Jersey",7.0,0.8,0.7,0.6,"(Z)",-
23,"d","New Mexico",52.0,8.6,8.6,0.9,1.5,0.7
23,"d","New York",23.2,3.4,0.8,"(Z)",1.7,1.0
23,"d","North Carolina",23.9,2.8,3.5,-,"(Z)",1.0
23,"d","North Dakota",38.7,22.4,0.9,4.7,9.7,0.5
23,"d","",,,,,,
23,"d","Ohio",51.2,5.6,5.1,3.3,2.3,2.1
23,"d","Oklahoma",8.4,2.6,-,1.4,7.8,0.7
23,"d","Oregon",49.3,23.2,9.5,16.1,17.5,"(Z)"
23,"d","Pennsylvania",19.0,3.3,0.6,"(Z)",1.1,2.1
23,"d","South Carolina",29.9,13.2,"(Z)",12.8,1.2,0.9
23,"d","South Dakota",44.5,29.3,-,2.5,12.9,1.2
23,"d","Tennessee",30.9,23.7,1.0,"(Z)",14.4,1.7
23,"d","Texas",39.2,30.0,"(Z)",0.7,5.2,0.9
23,"d","Utah",40.1,0.8,6.9,7.9,13.8,8.3
23,"d","Vermont",21.2,1.5,-,0.7,1.3,"(Z)"
23,"d","",,,,,,
23,"d","Virginia",30.8,21.7,0.9,0.6,18.1,1.7
23,"d","Washington",50.8,7.3,4.3,3.4,14.2,1.6
23,"d","West Virginia",13.1,7.4,3.6,-,1.0,0.9
23,"d","Wisconsin",27.0,14.6,4.9,11.8,9.6,6.0
23,"d","Wyoming",5.6,2.5,5.1,-,3.0,1.0
23,"d","",,,,,,
23,"d","Other States 4/",7.9,3.8,4.5,2.1,3.0,4.1
23,"d","",,,,,,
23,"d","United States",45.2,21.2,3.9,6.7,15.1,3.5
23,"c",""
23,"f","-  Represents zero."
23,"f","(Z)  Less than half of the unit shown."
23,"f","1/ Tracheal mites, nosema, hive beetle, wax moths, etc."
23,"f","2/ Includes American and European foulbrood, chalkbrood, stonebrood, paralysis (acute and chronic), kashmir, deformed wing, sacbrood, IAPV, Lake Sinai II, etc."
23,"f","3/ Includes weather, starvation, insufficient forage, queen failure, hive damage/destroyed, etc."
23,"f","4/ Includes data for States not published in this table."
3,"t","Honey Bee Colonies: Released August 1, 2022, by the National Agricultural Statistics Service (NASS), Agricultural Statistics Board, United States Department of Agriculture (USDA)."
3,"t","Colonies Lost with Colony Collapse Disorder Symptoms with Five or More Colonies – United States: 2021 and 2022"
3,"t","[Loss reported that met all of the following criteria: 1) Little to no build-up of dead bees in the hive or at the hive entrance 2) Rapid loss of adult honey bee population despite the presence of queen, capped brood, and food reserves 3) Absence or delayed robbing of the food reserves 4) Loss not attributable to varroa or nosema loads. Blank cells indicate estimation period has not yet begun]"
3,"h","","","","",""
3,"h","Year","January-March","April-June","July-September","October-December"
3,"h","","","","",""
3,"u","","(number)","(number)","(number)","(number)"
3,"d","2021",77150,49420,74910,82340
3,"d","2022",86070,51500
3,"c",""
